{
  "version": "1.1.1",
  "windows": {
    "main": {
      "main": true,
      "url": "app://editor/index.html",
      "windowType": "dockable",
      "x": 0,
<<<<<<< HEAD
      "y": 36,
      "width": 1470,
      "height": 920,
=======
      "y": 0,
      "width": 1536,
      "height": 816,
>>>>>>> 259f6c76d01ad1dca9c851cd22dc7eb9af4ab037
      "layout": {
        "type": "dock-h",
        "children": [
          {
<<<<<<< HEAD
            "width": 204,
            "height": 633,
            "type": "dock-v",
            "children": [
              {
                "width": 204,
                "height": 300,
=======
            "width": 205.0500030517578,
            "height": 700.2000122070312,
            "type": "dock-v",
            "children": [
              {
                "width": 205.0500030517578,
                "height": 294.07501220703125,
>>>>>>> 259f6c76d01ad1dca9c851cd22dc7eb9af4ab037
                "type": "panel",
                "active": 0,
                "children": [
                  "hierarchy"
                ]
              },
              {
<<<<<<< HEAD
                "width": 204,
                "height": 330,
=======
                "width": 205.0500030517578,
                "height": 403.1125183105469,
>>>>>>> 259f6c76d01ad1dca9c851cd22dc7eb9af4ab037
                "type": "panel",
                "active": 0,
                "children": [
                  "assets"
                ]
              }
            ]
          },
          {
<<<<<<< HEAD
            "width": 766,
            "height": 633,
            "type": "dock-v",
            "children": [
              {
                "width": 766,
                "height": 330,
                "type": "dock-h",
                "children": [
                  {
                    "width": 498.984375,
                    "height": 330,
=======
            "width": 1007.2625122070312,
            "height": 700.2000122070312,
            "type": "dock-v",
            "children": [
              {
                "width": 1007.2625122070312,
                "height": 403.1125183105469,
                "type": "dock-h",
                "children": [
                  {
                    "width": 740.1875,
                    "height": 403.1125183105469,
>>>>>>> 259f6c76d01ad1dca9c851cd22dc7eb9af4ab037
                    "type": "panel",
                    "active": 0,
                    "children": [
                      "scene"
                    ]
                  },
                  {
<<<<<<< HEAD
                    "width": 264,
                    "height": 330,
=======
                    "width": 264.07501220703125,
                    "height": 403.1125183105469,
>>>>>>> 259f6c76d01ad1dca9c851cd22dc7eb9af4ab037
                    "type": "panel",
                    "active": 0,
                    "children": [
                      "node-library"
                    ]
                  }
                ]
              },
              {
<<<<<<< HEAD
                "width": 766,
                "height": 300,
=======
                "width": 1007.2625122070312,
                "height": 294.07501220703125,
>>>>>>> 259f6c76d01ad1dca9c851cd22dc7eb9af4ab037
                "type": "panel",
                "active": 0,
                "children": [
                  "console",
                  "timeline",
                  "game-window"
                ]
              }
            ]
          },
          {
<<<<<<< HEAD
            "width": 304,
            "height": 633,
=======
            "width": 304.07501220703125,
            "height": 700.2000122070312,
>>>>>>> 259f6c76d01ad1dca9c851cd22dc7eb9af4ab037
            "type": "panel",
            "active": 0,
            "children": [
              "inspector",
              "cocos-services"
            ]
          }
        ]
      },
      "panels": [
        "hierarchy",
        "assets",
        "scene",
        "node-library",
        "console",
        "timeline",
        "game-window",
        "inspector",
        "cocos-services"
      ]
<<<<<<< HEAD
    },
    " common-asset-worker-worker": {},
    " load-media-worker": {}
=======
    }
>>>>>>> 259f6c76d01ad1dca9c851cd22dc7eb9af4ab037
  },
  "panels": {},
  "panelLabelWidth": {}
}
